{
  "train_loss": [
    3.2138085068596736,
    2.2260313018163047,
    1.8523415025075276,
    1.643404352929857,
    1.4203954357571071,
    1.0501524753040739,
    0.7545907007323371,
    0.5351819849014282,
    0.38283429940541586,
    0.26136649244361454,
    0.18436443308989206,
    0.13324687169657815,
    0.09762398146920734,
    0.08036299076345232,
    0.0712334323922793,
    0.05616310877932443,
    0.059407808880011244,
    0.046275324424107867,
    0.04299064863059256,
    0.0325301098699371,
    0.027311066823701064,
    0.024631924798919094,
    0.017119788264648782,
    0.014292515634248654,
    0.016414431739184592,
    0.011181140523403884,
    0.0100627051314546,
    0.008802669246991475,
    0.008852546258519093,
    0.006975672824515237
  ],
  "val_loss": [
    2.3472657585144043,
    1.8164717388153075,
    1.5595470666885376,
    1.4090196228027343,
    0.9883751893043518,
    0.6016373610496522,
    0.3341798114776611,
    0.26520629584789274,
    0.19868615090847017,
    0.11290031731128693,
    0.09441231787204743,
    0.10666927605867386,
    0.05786077097058296,
    0.05545185998082161,
    0.046999493688344954,
    0.03277352087199688,
    0.03224079005420208,
    0.02438639655709267,
    0.026428891196846962,
    0.018799558989703657,
    0.01410451516509056,
    0.010764133911579847,
    0.011238874662667512,
    0.008084430303424596,
    0.005843343250453472,
    0.00885812684893608,
    0.01090145755559206,
    0.0037534170784056186,
    0.009043229892849922,
    0.0035473731439560653
  ],
  "train_perplexity": [
    24.873637479715722,
    9.263030860147316,
    6.374728503858218,
    5.172749435821036,
    4.1387567291071665,
    2.858086872506379,
    2.1267408717076135,
    1.7077590003300531,
    1.4664350207807004,
    1.29870354326065,
    1.2024539572672575,
    1.1425320223363387,
    1.1025481286266785,
    1.0836803622515228,
    1.0738318637545805,
    1.0577702012730017,
    1.0612079225227689,
    1.0473627358057471,
    1.0439281326473644,
    1.033064998128417,
    1.027687432513196,
    1.0249377969012647,
    1.0172671716962143,
    1.0143951419824981,
    1.0165498886583926,
    1.0112438831015842,
    1.0101135043984373,
    1.008841526672596,
    1.0088918459279281,
    1.0070000595017083
  ],
  "val_perplexity": [
    10.456938804747951,
    6.1501208917189985,
    4.756666304531668,
    4.091941790541069,
    2.6868652763135437,
    1.8251047105815397,
    1.3967942806387557,
    1.3036998959142867,
    1.2197990729868131,
    1.1195203305896446,
    1.099012795127652,
    1.1125662413349806,
    1.0595674628906402,
    1.0570181309745068,
    1.048121478403401,
    1.0333164881212782,
    1.0327661551861933,
    1.024686176617217,
    1.02678123148121,
    1.0189773832903417,
    1.014204453145251,
    1.0108222756288257,
    1.0113022680821477,
    1.0081171975520817,
    1.0058604488824208,
    1.0088974761558054,
    1.0109610949585337,
    1.0037604699696747,
    1.0090842434347014,
    1.003553672518609
  ],
  "learning_rates": [
    7.896115045546133e-05,
    0.00015792230091092265,
    0.00023688345136638398,
    0.0003158446018218453,
    0.0003948057522773066,
    0.00047376690273276796,
    0.0005527280531882293,
    0.0006316892036436906,
    0.000710650354099152,
    0.0007896115045546132,
    0.0008685726550100746,
    0.0009475338054655359,
    0.0010264949559209973,
    0.0011054561063764585,
    0.00118441725683192,
    0.0012633784072873812,
    0.0013423395577428425,
    0.0013858127192452902,
    0.0013488510524223445,
    0.0013146973809739727,
    0.0012830132699977455,
    0.001253514768937843,
    0.0012259616291391772,
    0.0012001490197540133,
    0.0011759010854794966,
    0.0011530658809451712,
    0.0011315113470699342,
    0.0011111220852105905,
    0.0010917967486543875,
    0.0010734459165198846
  ]
}