{
  "train_loss": [
    3.3466280428568522,
    2.565493606991238,
    1.9335878160264757,
    0.9749572732713487,
    0.38424617820315893,
    0.20345604360103609,
    0.13811529967519973,
    0.0991332404812177,
    0.07761255736152331,
    0.061394018828868864,
    0.05316911632815997,
    0.047483863217963114,
    0.042232514205906124,
    0.038006269021166696,
    0.03600023577610652,
    0.033308674320578574,
    0.03591246614025699,
    0.03213967884580294,
    0.03279700310693847,
    0.030253990768558447,
    0.026990374128023784,
    0.024023645197351774,
    0.0202913819005092,
    0.0195898357199298,
    0.022241859667830998,
    0.019917730478983785,
    0.01657757734052009,
    0.01711130525709854,
    0.014655011132773427,
    0.015072556870679061
  ],
  "val_loss": [
    2.846818571090698,
    2.0175823402404784,
    1.0229211854934692,
    0.1955942118167877,
    0.15202470481395722,
    0.10569042295217514,
    0.08010195165872575,
    0.07139677971601487,
    0.053434939235448835,
    0.0449742329120636,
    0.03438249379396439,
    0.033805687576532364,
    0.020889706015586852,
    0.022814678996801376,
    0.022482302859425544,
    0.014668420478701592,
    0.016314471997320654,
    0.012105369567871093,
    0.011102139912545682,
    0.012385534718632699,
    0.009527279175817966,
    0.009185223262757064,
    0.006978833973407745,
    0.0054606936313211915,
    0.0058959243260324,
    0.004897387195378542,
    0.005406840518116951,
    0.004330702219158411,
    0.004386545903980732,
    0.004535961635410785
  ],
  "train_perplexity": [
    28.406785504875696,
    13.007077169584536,
    6.914272932266875,
    2.6510539377004894,
    1.468506911579978,
    1.2256312821195092,
    1.148107919113158,
    1.1042134156846255,
    1.0807038667888456,
    1.0633177988913802,
    1.0546079814686107,
    1.0486292794826346,
    1.0431369947254459,
    1.0387377447269945,
    1.0366560909096318,
    1.033869618995119,
    1.0365651079748595,
    1.0326617362313009,
    1.0333407529867167,
    1.0307162931333607,
    1.027357913500144,
    1.0243145377236738,
    1.020498651545609,
    1.0197829756835173,
    1.0224910539136398,
    1.020117412003578,
    1.0167157478304947,
    1.017258542247718,
    1.0147629223105217,
    1.0151867207151686
  ],
  "val_perplexity": [
    17.23286938799072,
    7.520121842123107,
    2.781307624094879,
    1.2160333532371488,
    1.1641889971494324,
    1.1114777352441614,
    1.0833975162184946,
    1.0740072856426248,
    1.0548883576918553,
    1.0460009071641152,
    1.0349804046098137,
    1.0343835936162071,
    1.0211094231997166,
    1.0230769243359523,
    1.02273693448499,
    1.014776529708815,
    1.016448279672419,
    1.012178936104398,
    1.0111639973726447,
    1.012462553096573,
    1.009572808174357,
    1.0092275368800656,
    1.0070032427838627,
    1.005475630394775,
    1.0059133394972157,
    1.0049093989968583,
    1.00542148385982,
    1.004340093261723,
    1.0043961808794006,
    1.0045462646815735
  ],
  "learning_rates": [
    0.0001116679298746959,
    0.0002233358597493918,
    0.00033500378962408775,
    0.0004466717194987836,
    0.0005583396493734795,
    0.0006700075792481755,
    0.0007816755091228714,
    0.0008933434389975672,
    0.0010050113688722631,
    0.001116679298746959,
    0.0012283472286216549,
    0.001340015158496351,
    0.0014516830883710469,
    0.0015633510182457427,
    0.0016750189481204388,
    0.0017866868779951345,
    0.0018983548078698304,
    0.001959835142465828,
    0.0019075634519569024,
    0.0018592628665897802,
    0.0018144547671354655,
    0.001772737586866874,
    0.001733771562877639,
    0.0016972670206049012,
    0.0016629752630943483,
    0.0016306814071423417,
    0.0016001986930053512,
    0.001571363922357091,
    0.0015440337693018841,
    0.0015180817736164382
  ]
}