{
  "train_loss": [
    3.1610206190745034,
    2.083548854192098,
    0.9249756537543403,
    0.2619897374841902,
    0.13966545187764698,
    0.0964476325445705,
    0.07724547763665517,
    0.06299494778116545,
    0.05792153083615833,
    0.05595946717593405,
    0.049919720606671436,
    0.04767824246651597,
    0.04577972887290849,
    0.04415332534246975,
    0.04288288861513138,
    0.040814143046736716,
    0.0442762221975459,
    0.041301797992653315,
    0.033677497638596426,
    0.03208660966406266,
    0.028125304095447064,
    0.02612943128993114,
    0.02476090638173951,
    0.02439549320273929,
    0.019776140455570485,
    0.02067615984628598,
    0.016977886418915455,
    0.018419432242711385,
    0.014526348478264279,
    0.017207912734399238
  ],
  "val_loss": [
    2.275872478485107,
    1.229103856086731,
    0.20525104880332948,
    0.13293607413768768,
    0.07985490918159485,
    0.06656966328620911,
    0.046974905729293824,
    0.03527182877063751,
    0.05087329909205437,
    0.051618266850709915,
    0.03851406253874302,
    0.030948739275336267,
    0.02686996020376682,
    0.03226198785007,
    0.020671550557017325,
    0.022201135866343976,
    0.019913292862474917,
    0.021236979588866233,
    0.015794852524995805,
    0.014095907397568226,
    0.01034190835431218,
    0.014451867174357176,
    0.014531766325235366,
    0.009257279187440872,
    0.009150950685143471,
    0.00667505381628871,
    0.008896437399089336,
    0.010249126628041267,
    0.005773434778675437,
    0.006155951321125031
  ],
  "train_perplexity": [
    23.5946648093606,
    8.032926072644571,
    2.5218068630813595,
    1.2995132060861272,
    1.1498890412811786,
    1.1012519098734517,
    1.0803072351129377,
    1.0650214584962414,
    1.059631844023128,
    1.0575548171845208,
    1.0511867043576986,
    1.0488331310656078,
    1.0468437960961172,
    1.0451425894495774,
    1.0438156449965943,
    1.0416584880805253,
    1.0452710420799773,
    1.04216658187135,
    1.0342510045460134,
    1.0326069351720812,
    1.0285245546862405,
    1.0264737977035503,
    1.025070003526528,
    1.0246954978666607,
    1.0199729837803673,
    1.020891392474597,
    1.0171228298483763,
    1.0185901163422988,
    1.0146323686181122,
    1.0173568217764395
  ],
  "val_perplexity": [
    9.736410116217204,
    3.4181649956046596,
    1.2278332723477223,
    1.1421769813486364,
    1.0831299040695157,
    1.0688354200694974,
    1.0480957075522368,
    1.0359012582968075,
    1.0521895714633491,
    1.052973710813085,
    1.0392653429643743,
    1.0314326305472878,
    1.0272342127499587,
    1.0327880477843667,
    1.020886686901702,
    1.0224494150387904,
    1.020112885123754,
    1.021464089097303,
    1.0159202505526774,
    1.0141957231466712,
    1.010395570719398,
    1.0145568002905598,
    1.0146378657559085,
    1.009300260323498,
    1.0091929486436957,
    1.0066973816401756,
    1.008936128313553,
    1.0103018288229648,
    1.005790133173478,
    1.0061749381300882
  ],
  "learning_rates": [
    7.896115045546133e-05,
    0.00015792230091092265,
    0.00023688345136638398,
    0.0003158446018218453,
    0.0003948057522773066,
    0.00047376690273276796,
    0.0005527280531882293,
    0.0006316892036436906,
    0.000710650354099152,
    0.0007896115045546132,
    0.0008685726550100746,
    0.0009475338054655359,
    0.0010264949559209973,
    0.0011054561063764585,
    0.00118441725683192,
    0.0012633784072873812,
    0.0013423395577428425,
    0.0013858127192452902,
    0.0013488510524223445,
    0.0013146973809739727,
    0.0012830132699977455,
    0.001253514768937843,
    0.0012259616291391772,
    0.0012001490197540133,
    0.0011759010854794966,
    0.0011530658809451712,
    0.0011315113470699342,
    0.0011111220852105905,
    0.0010917967486543875,
    0.0010734459165198846
  ]
}