{
  "train_loss": [
    3.1599792300330267,
    1.8926363319820827,
    0.5702842305766211,
    0.20907136102517446,
    0.1352267261346181,
    0.10481149100595051,
    0.08966654843754239,
    0.0795292987757259,
    0.07199309163623387,
    0.06879473245806164,
    0.06653962835669518,
    0.06333914736906687,
    0.06387490510940552,
    0.06060065176751878,
    0.06116499574648009,
    0.058784859942065344,
    0.05969663639863332,
    0.0619921847515636,
    0.0579756505952941,
    0.058978076858652966,
    0.046085506073302696,
    0.04005980168779691,
    0.045693895239382984,
    0.04066616988844342,
    0.03665375926428371,
    0.037670913628405994,
    0.029458007390300432,
    0.030150873909393947,
    0.026813545668911604,
    0.02545729413214657
  ],
  "val_loss": [
    2.275269823074341,
    0.6065158915519714,
    0.1868883854150772,
    0.12974739164114,
    0.0867225643992424,
    0.06642375662922859,
    0.05542038381099701,
    0.06307079836726188,
    0.05136242792010307,
    0.04754902623593807,
    0.03168629519641399,
    0.036969234868884086,
    0.0338955357670784,
    0.025861908793449403,
    0.026671883910894395,
    0.028308405578136443,
    0.024511217027902602,
    0.029184773564338684,
    0.021565054170787336,
    0.017641660384833814,
    0.013130265325307845,
    0.022715661525726318,
    0.011246477868407965,
    0.008841712456196547,
    0.010539170205593109,
    0.011640946082770824,
    0.012116771712899209,
    0.00826191071420908,
    0.006701875068247318,
    0.010956030935049058
  ],
  "train_perplexity": [
    23.57010637365318,
    6.636842557747467,
    1.7687697184306654,
    1.2325329502069446,
    1.14479631017189,
    1.1105012511495336,
    1.0938094904045361,
    1.0827772831134845,
    1.0746479199794177,
    1.071216300642162,
    1.0688033181550856,
    1.0653881015389342,
    1.0659590443906677,
    1.062474532128261,
    1.0630743024557356,
    1.0605470500407708,
    1.0615144728417263,
    1.063954029630475,
    1.0596891925951306,
    1.060751985469534,
    1.0471639460061146,
    1.0408730182944947,
    1.0467539455455193,
    1.0415043619877247,
    1.0373337914366894,
    1.0383894568260132,
    1.029896186535238,
    1.0306100143861825,
    1.027176263444266,
    1.0257840983348736
  ],
  "val_perplexity": [
    9.730544183724742,
    1.8340302937444497,
    1.2054927269703941,
    1.1385407420875069,
    1.0905940681221316,
    1.0686794812430258,
    1.0569848606159231,
    1.0651022440618512,
    1.052704353602453,
    1.0486976135576258,
    1.0321936504039926,
    1.0376610965673927,
    1.034476535285682,
    1.0261992295988256,
    1.0270307621552206,
    1.028712896299474,
    1.0248140864109292,
    1.0296148225006838,
    1.0217992604788801,
    1.0177981936226195,
    1.01321684578554,
    1.0229756268613819,
    1.0113099572505888,
    1.0088809158523118,
    1.0105949028798733,
    1.0117089655764697,
    1.0121904771812182,
    1.0082961344848527,
    1.0067243828863968,
    1.0110162680274617
  ],
  "learning_rates": [
    7.896115045546133e-05,
    0.00015792230091092265,
    0.00023688345136638398,
    0.0003158446018218453,
    0.0003948057522773066,
    0.00047376690273276796,
    0.0005527280531882293,
    0.0006316892036436906,
    0.000710650354099152,
    0.0007896115045546132,
    0.0008685726550100746,
    0.0009475338054655359,
    0.0010264949559209973,
    0.0011054561063764585,
    0.00118441725683192,
    0.0012633784072873812,
    0.0013423395577428425,
    0.0013858127192452902,
    0.0013488510524223445,
    0.0013146973809739727,
    0.0012830132699977455,
    0.001253514768937843,
    0.0012259616291391772,
    0.0012001490197540133,
    0.0011759010854794966,
    0.0011530658809451712,
    0.0011315113470699342,
    0.0011111220852105905,
    0.0010917967486543875,
    0.0010734459165198846
  ]
}