{
  "train_loss": [
    3.1748222573598226,
    2.0656287966834173,
    0.8757872994740804,
    0.23019263439708285,
    0.12794010745154485,
    0.08503773616419898,
    0.06549405939049191,
    0.04684953588578436,
    0.04109483667545848,
    0.03495642325944371,
    0.03158325999975205,
    0.02815015808575683,
    0.02443284895684984,
    0.022935294037063916,
    0.021519927581151326,
    0.022333834461039967,
    0.02213258398903741,
    0.019009011336084868,
    0.017122825781504314,
    0.01645556407256259,
    0.015692953119675317,
    0.013634487541599407,
    0.012915674909535381,
    0.011145127808882131,
    0.009678227895249924,
    0.009121382713524832,
    0.008052657168979446,
    0.008785265379895766,
    0.008846993231111103,
    0.006474122912105587
  ],
  "val_loss": [
    2.26300253868103,
    1.2094890642166138,
    0.18053001463413237,
    0.1216995495557785,
    0.0741729000210762,
    0.05948218584060669,
    0.04304020524024963,
    0.0347925278544426,
    0.038706577494740484,
    0.02472347840666771,
    0.02532996952533722,
    0.02826910749077797,
    0.0324972615391016,
    0.018532899767160417,
    0.013414057642221451,
    0.016004792749881744,
    0.016314020119607447,
    0.015252497121691704,
    0.014125817082822322,
    0.01559094600379467,
    0.0054393127001821995,
    0.008775323443114758,
    0.007873988728970289,
    0.008843527231365443,
    0.006916485447436571,
    0.0066549798659980295,
    0.005207470580935478,
    0.005414260923862458,
    0.006385930329561234,
    0.0074100448749959465
  ],
  "train_perplexity": [
    23.92256743017167,
    7.8902577060128065,
    2.4007646708795547,
    1.25884248293713,
    1.1364849336797083,
    1.08875815147958,
    1.0676863945867108,
    1.0479643161938272,
    1.0419509160208433,
    1.0355745808515295,
    1.0320873036070557,
    1.0285501179432293,
    1.0247337768546831,
    1.0232003302425272,
    1.021753151203347,
    1.0225851016418255,
    1.0223793266143126,
    1.0191908328471562,
    1.017270261667088,
    1.0165917025872546,
    1.0158167341575122,
    1.013727861050904,
    1.0129994424885014,
    1.0112074661200512,
    1.0097252133993215,
    1.009163109296379,
    1.0080851670176854,
    1.0088239690815308,
    1.0088862435394113,
    1.0064951253454946
  ],
  "val_perplexity": [
    9.611906002854644,
    3.3517716748890565,
    1.1978520740326795,
    1.1294147176451879,
    1.0769930015117688,
    1.061286854877944,
    1.0439798674682346,
    1.035404868844081,
    1.039465436346011,
    1.0250316379499667,
    1.025653499092307,
    1.0286724706445391,
    1.033031064224923,
    1.0187056997985886,
    1.0135044297468705,
    1.0161335554684021,
    1.0164478203621987,
    1.0153694101046131,
    1.0142260578751852,
    1.0157131189070336,
    1.0054541326193815,
    1.008813939467264,
    1.0079050701027945,
    1.0088827467460075,
    1.0069404595732676,
    1.0066771734498086,
    1.0052210530223478,
    1.0054289445228561,
    1.0064063638551821,
    1.0074375671960665
  ],
  "learning_rates": [
    7.896115045546133e-05,
    0.00015792230091092265,
    0.00023688345136638398,
    0.0003158446018218453,
    0.0003948057522773066,
    0.00047376690273276796,
    0.0005527280531882293,
    0.0006316892036436906,
    0.000710650354099152,
    0.0007896115045546132,
    0.0008685726550100746,
    0.0009475338054655359,
    0.0010264949559209973,
    0.0011054561063764585,
    0.00118441725683192,
    0.0012633784072873812,
    0.0013423395577428425,
    0.0013858127192452902,
    0.0013488510524223445,
    0.0013146973809739727,
    0.0012830132699977455,
    0.001253514768937843,
    0.0012259616291391772,
    0.0012001490197540133,
    0.0011759010854794966,
    0.0011530658809451712,
    0.0011315113470699342,
    0.0011111220852105905,
    0.0010917967486543875,
    0.0010734459165198846
  ]
}