{
  "train_loss": [
    3.16497342215644,
    1.9930332538816664,
    0.7016605908340878,
    0.21909970495435926,
    0.1295012097557386,
    0.09819919930564033,
    0.07817102041509416,
    0.07306865317953957,
    0.06211845277084244,
    0.05742532988389333,
    0.056528178983264496,
    0.051156699789894955,
    0.0482078142133024,
    0.055172241263919404,
    0.04682754004995028,
    0.05127499231033855,
    0.048574715505043664,
    0.049034913976987206,
    0.04288989572061433,
    0.03798420891165733,
    0.03744886832932631,
    0.03504079937934876,
    0.03088451887584395,
    0.026617661176456347,
    0.023243246152997016,
    0.028172462988230916,
    0.02176656649241017,
    0.019466543392174775,
    0.01991932544650303,
    0.0185843475183679
  ],
  "val_loss": [
    2.2788564491271974,
    0.9280744814872741,
    0.1841590404510498,
    0.12194139778614044,
    0.09546524822711945,
    0.0629875160753727,
    0.05566817373037338,
    0.03816077619791031,
    0.03623334832489491,
    0.04506843224167824,
    0.03181473903357983,
    0.03227883607149124,
    0.02971087507903576,
    0.023208320662379264,
    0.031683244854211805,
    0.026335239112377166,
    0.02158397138118744,
    0.02235277447849512,
    0.013162502236664295,
    0.01124429102987051,
    0.011068028658628463,
    0.010567121803760529,
    0.010687119886279106,
    0.014800475724041463,
    0.009780187513679267,
    0.007457626778632403,
    0.004914674777537585,
    0.009379401057958602,
    0.008510064650326967,
    0.008708766680210828
  ],
  "train_perplexity": [
    23.688114445464624,
    7.337757321299615,
    2.017099504820039,
    1.2449553987208464,
    1.1382604884791099,
    1.1031825164138835,
    1.0813075685271663,
    1.0758043917715467,
    1.0640883814803925,
    1.059106184120331,
    1.0581564321525057,
    1.0524878049799598,
    1.0493887105555302,
    1.0567226102394711,
    1.0479412655962779,
    1.0526123137792316,
    1.049773803270159,
    1.0502570187492948,
    1.043822959148549,
    1.0387148303113425,
    1.0381589129250532,
    1.0356619623029362,
    1.031366393658607,
    1.0269750752487063,
    1.0235154754715785,
    1.0285730599091578,
    1.0220051863676969,
    1.0196572520171812,
    1.0201190390590138,
    1.0187581112642001
  ],
  "val_perplexity": [
    9.765506668201967,
    2.5296336287618595,
    1.2022070074375946,
    1.1296878976287112,
    1.1001705884911763,
    1.0650135435995094,
    1.0572468032613505,
    1.0388982495625645,
    1.0368977766220926,
    1.0460994443893437,
    1.0323262378319853,
    1.0328054485726628,
    1.030156646933186,
    1.0234797293156723,
    1.032190501864942,
    1.0266850757812485,
    1.0218185902533095,
    1.0226044696049141,
    1.0132495092936649,
    1.0113077456814192,
    1.0111295058890557,
    1.010623151017297,
    1.0107444311341132,
    1.014910545120935,
    1.009828169845409,
    1.007485504133765,
    1.0049267716008206,
    1.0094235254857356,
    1.0085463781875932,
    1.0087467983114544
  ],
  "learning_rates": [
    7.896115045546133e-05,
    0.00015792230091092265,
    0.00023688345136638398,
    0.0003158446018218453,
    0.0003948057522773066,
    0.00047376690273276796,
    0.0005527280531882293,
    0.0006316892036436906,
    0.000710650354099152,
    0.0007896115045546132,
    0.0008685726550100746,
    0.0009475338054655359,
    0.0010264949559209973,
    0.0011054561063764585,
    0.00118441725683192,
    0.0012633784072873812,
    0.0013423395577428425,
    0.0013858127192452902,
    0.0013488510524223445,
    0.0013146973809739727,
    0.0012830132699977455,
    0.001253514768937843,
    0.0012259616291391772,
    0.0012001490197540133,
    0.0011759010854794966,
    0.0011530658809451712,
    0.0011315113470699342,
    0.0011111220852105905,
    0.0010917967486543875,
    0.0010734459165198846
  ]
}