{
  "train_loss": [
    3.304966297361586,
    2.412911513646444,
    1.6890788315667047,
    0.7018152398533292,
    0.24641396527820164,
    0.14834553277492524,
    0.1030340261525578,
    0.07598731323745515,
    0.061137388454543216,
    0.05212228172686365,
    0.044475919283098644,
    0.039927911695506836,
    0.038481087333626214,
    0.03337563564048873,
    0.03156053985158602,
    0.03151083885961109,
    0.029188741049832767,
    0.02831395539806949,
    0.02577093231346872,
    0.02543351219760047,
    0.023669791377253002,
    0.02531249649822712,
    0.021599058722456297,
    0.021591109722852705,
    0.024946370111571418,
    0.02075512676768833,
    0.021740115237732727,
    0.020230863585240313,
    0.019333970541755358,
    0.01734407545377811,
    0.01725661002430651,
    0.015919462798370254,
    0.01390739739769035,
    0.013754437671767341,
    0.013488746699359682,
    0.013024406598260005,
    0.010393025995749566,
    0.01133398795955711,
    0.011893004093733098,
    0.00935092319165253,
    0.008505095224413606,
    0.00885004294084178,
    0.00862817012021939,
    0.009352649797995886,
    0.006828615304910474,
    0.00823557768886288,
    0.006891442036877075,
    0.00710941537304057,
    0.00745232790398101,
    0.006501986614738902
  ],
  "val_loss": [
    2.682688579559326,
    1.854031909942627,
    0.7609372110366821,
    0.19124371612071991,
    0.12492906606197357,
    0.09651628196239471,
    0.06911453568935394,
    0.05486454290151596,
    0.045084988385438916,
    0.040495169430971145,
    0.03221592783927917,
    0.029063553392887114,
    0.026352366149425505,
    0.020147696286439896,
    0.02315356734395027,
    0.020938608288764954,
    0.027151917546987533,
    0.021598025508224965,
    0.016177000358700754,
    0.016229433760046957,
    0.015832783706486227,
    0.01297930771112442,
    0.012576288551092147,
    0.012495426125824452,
    0.01303746997565031,
    0.01512879655510187,
    0.012745476081967353,
    0.010018099077045917,
    0.0076645431444048884,
    0.008977110892534257,
    0.010247765198349953,
    0.01095580953359604,
    0.009378632225096226,
    0.006936978090554476,
    0.006424048770219087,
    0.004540225073695183,
    0.004643062107264995,
    0.004614655204117298,
    0.005021193880587816,
    0.004918325390666723,
    0.004791811918839812,
    0.004195466760545969,
    0.003772280452772975,
    0.005540609076619149,
    0.004173496328294277,
    0.0038457386717200277,
    0.00350509100407362,
    0.005770376088097691,
    0.0032940283007919786,
    0.004756585728377104
  ],
  "train_perplexity": [
    27.24762325653181,
    11.166425061513205,
    5.41449074922857,
    2.0174114714022133,
    1.2794291031553664,
    1.1599136152983918,
    1.108529127415503,
    1.078948885702142,
    1.0630449542582312,
    1.053504558993986,
    1.0454798005042243,
    1.0407357466127165,
    1.0392310735415429,
    1.0339388505873155,
    1.0320638546969798,
    1.032012561374295,
    1.02961890749066,
    1.0287186054866537,
    1.0261058738518107,
    1.025759703494668,
    1.0239521442324595,
    1.0256355779774802,
    1.0218340068953933,
    1.0218258843695605,
    1.0252601344633723,
    1.020972012308055,
    1.0219781534057601,
    1.0204368945552167,
    1.0195220821089586,
    1.0174953572793426,
    1.0174063655028416,
    1.0160468525406157,
    1.014004555130132,
    1.0138494651328587,
    1.0135801302640985,
    1.0131095936169108,
    1.0104472210780029,
    1.0113984609495548,
    1.0119640070672808,
    1.0093947796668423,
    1.0085413663035399,
    1.008889320354297,
    1.0086655000658316,
    1.0093965224957764,
    1.0068519834588308,
    1.0082695833467743,
    1.0069152426656895,
    1.0071347472625727,
    1.0074801656085095,
    1.006523170417087
  ],
  "val_perplexity": [
    14.624359240742635,
    6.385513505273012,
    2.140281175956579,
    1.2107544965153316,
    1.1330680772354025,
    1.10132751277096,
    1.0715589338612055,
    1.056397508441996,
    1.0461167639055047,
    1.0413262794918934,
    1.032740478651267,
    1.0294900199798156,
    1.0267026600051607,
    1.020352031104081,
    1.0234236919382778,
    1.0211593589926518,
    1.02752388981582,
    1.0218329511225006,
    1.0163085564660492,
    1.0163618463775554,
    1.01595878633893,
    1.0130639045319634,
    1.012655702630219,
    1.0125738201447958,
    1.0131228283363147,
    1.01524381610147,
    1.0128270458423323,
    1.0100684482253977,
    1.007693990941771,
    1.0090175259989607,
    1.010300453368994,
    1.0110160441870157,
    1.0094227494080554,
    1.0069610946561796,
    1.0064447272276116,
    1.0045505475117067,
    1.0046538578220556,
    1.0046253191225694,
    1.005033821200475,
    1.004930440206383,
    1.0048033110093957,
    1.0042042800521958,
    1.0037794044577784,
    1.005555986638324,
    1.0041822174924568,
    1.003853143013364,
    1.0035112410189015,
    1.0057870567773792,
    1.003299459573967,
    1.0047679162399996
  ],
  "learning_rates": [
    3.4834464850292304e-05,
    6.966892970058461e-05,
    0.00010450339455087691,
    0.00013933785940116922,
    0.00017417232425146154,
    0.00020900678910175383,
    0.00024384125395204614,
    0.00027867571880233844,
    0.0003135101836526307,
    0.00034834464850292307,
    0.00038317911335321536,
    0.00041801357820350765,
    0.0004528480430538,
    0.0004876825079040923,
    0.0005225169727543846,
    0.0005573514376046769,
    0.0005921859024549692,
    0.0006270203673052615,
    0.0006618548321555538,
    0.0006966892970058461,
    0.0007315237618561384,
    0.0007663582267064307,
    0.0008011926915567231,
    0.0008360271564070153,
    0.0008708616212573077,
    0.0009056960861076,
    0.0009405305509578922,
    0.0009753650158081846,
    0.0009773980361181321,
    0.0009609700083634219,
    0.0009453434383473802,
    0.0009304552096490839,
    0.0009162489523615468,
    0.0009026741433622111,
    0.0008896853490214529,
    0.0008772415844442906,
    0.0008653057686287307,
    0.0008538442590213279,
    0.0008428264521486822,
    0.0008322244395176679,
    0.0008220127099667169,
    0.0008121678912348442,
    0.0008026685247843792,
    0.0007934948689359775,
    0.0007846287262028224,
    0.0007760532913853254,
    0.000767753017539396,
    0.0007597134973848675,
    0.0007519213580951062,
    0.000744364167719267
  ]
}