{
  "train_loss": [
    3.1495914385053845,
    2.057450516488817,
    0.883196073240704,
    0.2552552222543293,
    0.14288251750999026,
    0.09826410048537784,
    0.07597291052341461,
    0.06509719529085689,
    0.059626494331492315,
    0.054004489845699735,
    0.04961204320192337,
    0.04783570978376601,
    0.04881574226750268,
    0.043344083709849254,
    0.04089251192907492,
    0.04039554384847482,
    0.043447498190734124,
    0.03992155142128467,
    0.031554178976350364,
    0.03233787602848477,
    0.028103843852877616,
    0.026531471200287343,
    0.023510190890067152,
    0.020492698119746314,
    0.02243640049464173,
    0.01930131646907992,
    0.01784035196320878,
    0.016336910795006487,
    0.013698112229920095,
    0.016975803973360196
  ],
  "val_loss": [
    2.2642702865600586,
    1.1597075748443604,
    0.20153345108032228,
    0.12183448284864426,
    0.08599589765071869,
    0.0709791460633278,
    0.04922206908464432,
    0.05883449897170067,
    0.04468475431203842,
    0.030424226224422455,
    0.03345861174166202,
    0.03312136717140675,
    0.03738964594900608,
    0.025440138056874274,
    0.02455400824546814,
    0.023127707317471505,
    0.03193960778415203,
    0.021005209907889365,
    0.012791410870850086,
    0.014019322488456965,
    0.009983906764537096,
    0.010825043860822916,
    0.012523781973868608,
    0.00828618511557579,
    0.008980769384652375,
    0.008439146764576435,
    0.005588014516979456,
    0.009136535860598087,
    0.006655136086046696,
    0.004990487024188041
  ],
  "train_perplexity": [
    23.32653231091092,
    7.825992116878836,
    2.418617445114326,
    1.2907910174297723,
    1.1535942665777679,
    1.1032541165841072,
    1.078933346021784,
    1.067262752256807,
    1.0614400186335176,
    1.0554893411287207,
    1.0508633277109907,
    1.0489983010090924,
    1.0500268573464526,
    1.044297158679196,
    1.0417401248908653,
    1.041222541922274,
    1.0444051597120894,
    1.0407291272690256,
    1.0320572898884437,
    1.032866427161998,
    1.028502482536646,
    1.026886564105886,
    1.0237887340119074,
    1.0207041151567595,
    1.022689989518596,
    1.0194887911043415,
    1.0180004416440014,
    1.0164710878056173,
    1.0137923612219852,
    1.0171207117476655
  ],
  "val_perplexity": [
    9.624099203622329,
    3.1890005957576824,
    1.2232771563208218,
    1.1295671235741365,
    1.0898018575480912,
    1.073558837706902,
    1.0504535981095482,
    1.0605996958738506,
    1.0456981561079743,
    1.0308917725273723,
    1.034024646361439,
    1.0336759859591618,
    1.0380974325036054,
    1.0257665000566285,
    1.024857940391741,
    1.0233972265167048,
    1.0324551511679425,
    1.0212273721242118,
    1.0128735709074093,
    1.0141180540335717,
    1.0100339122397968,
    1.0108838466374523,
    1.0126025329412593,
    1.0083206105669875,
    1.009021217488379,
    1.0084748567468755,
    1.0056036565925761,
    1.0091784014092566,
    1.006677330712978,
    1.0050029602450745
  ],
  "learning_rates": [
    7.896115045546133e-05,
    0.00015792230091092265,
    0.00023688345136638398,
    0.0003158446018218453,
    0.0003948057522773066,
    0.00047376690273276796,
    0.0005527280531882293,
    0.0006316892036436906,
    0.000710650354099152,
    0.0007896115045546132,
    0.0008685726550100746,
    0.0009475338054655359,
    0.0010264949559209973,
    0.0011054561063764585,
    0.00118441725683192,
    0.0012633784072873812,
    0.0013423395577428425,
    0.0013858127192452902,
    0.0013488510524223445,
    0.0013146973809739727,
    0.0012830132699977455,
    0.001253514768937843,
    0.0012259616291391772,
    0.0012001490197540133,
    0.0011759010854794966,
    0.0011530658809451712,
    0.0011315113470699342,
    0.0011111220852105905,
    0.0010917967486543875,
    0.0010734459165198846
  ]
}