{
  "train_loss": [
    3.077729125552707,
    2.0041619380315145,
    0.8744671701060401,
    0.24716450194517772,
    0.1344155055615637,
    0.0953959121969011,
    0.07322595732079612,
    0.06496373070610895,
    0.05871060005492634,
    0.054523935582902694,
    0.054679071696268185,
    0.050072817984554506,
    0.047729508678118385,
    0.04663190086682638,
    0.04645474339524905,
    0.039601287212636734,
    0.04538515773084428,
    0.04086977846092648,
    0.03696853593819671,
    0.038655465286639004,
    0.025659921794301932,
    0.0309986728678147,
    0.0232829888496134,
    0.025374722509748406,
    0.021114339691897233,
    0.01978472319328123,
    0.01949761329839627,
    0.016921772075196108,
    0.01636574271445473,
    0.01699682162867652
  ],
  "val_loss": [
    2.1630921745300293,
    1.1639592504501344,
    0.19486312806606293,
    0.11600964546203613,
    0.07654563277959824,
    0.06351977705955505,
    0.05613641768693924,
    0.04640406847000122,
    0.028062674775719644,
    0.030459475591778754,
    0.06028296187520027,
    0.03882672771811485,
    0.03650956377387047,
    0.022687870264053344,
    0.019256631545722484,
    0.024119902178645135,
    0.02371775485575199,
    0.01732696644961834,
    0.014554830566048622,
    0.02514321468770504,
    0.014012463353574277,
    0.010633494891226291,
    0.008178357183933258,
    0.008112279325723648,
    0.007794435303658247,
    0.0052161476202309135,
    0.009615995325148105,
    0.00838137386366725,
    0.011145346742123365,
    0.006674861293286085
  ],
  "train_perplexity": [
    21.709047856372887,
    7.419872977010779,
    2.397597441967696,
    1.2803897220548408,
    1.143868004434386,
    1.100094309674473,
    1.0759736335684233,
    1.0671203199818036,
    1.0604682968606665,
    1.056037752990404,
    1.0562015952915704,
    1.0513476506057111,
    1.0488869021451488,
    1.0477362672766204,
    1.0475506694091397,
    1.0403958723463245,
    1.0464308232228756,
    1.0417164427941064,
    1.0376603713144625,
    1.0394123083300708,
    1.025991971628324,
    1.0314841349698203,
    1.0235561535449251,
    1.0256994011744829,
    1.0213388245280326,
    1.0199817379785265,
    1.019688933164542,
    1.0170657562696355,
    1.0165003950406324,
    1.0171420894648542
  ],
  "val_perplexity": [
    8.697991826968,
    3.2025880560661504,
    1.2151446559079289,
    1.1230067039995453,
    1.0795514521466612,
    1.0655805596432657,
    1.0577419686076193,
    1.0474975862022793,
    1.0284601409101741,
    1.0309281114506248,
    1.062137048318994,
    1.0395903358535796,
    1.0371842233656907,
    1.0229471974730968,
    1.0194432363436603,
    1.0244131398944676,
    1.0240012577169308,
    1.0174779490959611,
    1.0146612678778577,
    1.0254619712245516,
    1.0141110980849082,
    1.0106902314222366,
    1.0082118913027096,
    1.0081452730213318,
    1.0078248909913823,
    1.0052297754027675,
    1.0096623775594333,
    1.0084165959118723,
    1.0112076875070035,
    1.0066971878277917
  ],
  "learning_rates": [
    7.896115045546133e-05,
    0.00015792230091092265,
    0.00023688345136638398,
    0.0003158446018218453,
    0.0003948057522773066,
    0.00047376690273276796,
    0.0005527280531882293,
    0.0006316892036436906,
    0.000710650354099152,
    0.0007896115045546132,
    0.0008685726550100746,
    0.0009475338054655359,
    0.0010264949559209973,
    0.0011054561063764585,
    0.00118441725683192,
    0.0012633784072873812,
    0.0013423395577428425,
    0.0013858127192452902,
    0.0013488510524223445,
    0.0013146973809739727,
    0.0012830132699977455,
    0.001253514768937843,
    0.0012259616291391772,
    0.0012001490197540133,
    0.0011759010854794966,
    0.0011530658809451712,
    0.0011315113470699342,
    0.0011111220852105905,
    0.0010917967486543875,
    0.0010734459165198846
  ]
}