{
  "train_loss": [
    3.3297288195292154,
    2.1633276595009696,
    0.8831755337450239,
    0.2615736124912898,
    0.14444152348571354,
    0.10513993074496587,
    0.08186278462409974,
    0.0638735010723273,
    0.05563560805386967,
    0.053776793562703665,
    0.04654854545990626,
    0.044869442880153654,
    0.040371776107284756,
    0.03641672576467196,
    0.03862405512895849,
    0.03676681602994601,
    0.03460250076320436,
    0.035568116613560255,
    0.029811022554834685,
    0.029341261945664884,
    0.024840056776172584,
    0.020591830257326364,
    0.020910959848099285,
    0.017831191656490167,
    0.016789986319426034,
    0.016084906703068152,
    0.014888639216207795,
    0.015676702542437446,
    0.011747384938514896,
    0.01276119270051519
  ],
  "val_loss": [
    2.5777209568023682,
    1.1338936805725097,
    0.19249148726463317,
    0.14223290622234344,
    0.09078311800956726,
    0.07780255615711212,
    0.06326228484511376,
    0.05871556654572487,
    0.03789704650640488,
    0.039671867191791534,
    0.0381076043844223,
    0.042560251355171205,
    0.03083896227180958,
    0.02357753112912178,
    0.021848495081067086,
    0.024049900509417056,
    0.021106870286166667,
    0.017239439487457275,
    0.014759245589375495,
    0.00874177211895585,
    0.019075528904795646,
    0.012978195697069168,
    0.013302594684064388,
    0.009665049072355032,
    0.00937155244871974,
    0.006564794182777405,
    0.01078703835606575,
    0.01084188800305128,
    0.005929084327071905,
    0.009908144790679217
  ],
  "train_perplexity": [
    27.930766397764355,
    8.700040314505161,
    2.4185677684419287,
    1.2989725586587255,
    1.1553941295669534,
    1.1108660437935585,
    1.085306878820626,
    1.0659575477456962,
    1.057212373864582,
    1.055249037488165,
    1.0476489364335162,
    1.0458913024385172,
    1.0411977947084703,
    1.0370879377167745,
    1.0393796607383068,
    1.0374510756698245,
    1.0352081325618043,
    1.0362082287196657,
    1.030259819687213,
    1.0297759578652237,
    1.025151141432635,
    1.0208053047530194,
    1.0211311259190063,
    1.017991116490427,
    1.016931730321827,
    1.0162149652054804,
    1.0150000271232944,
    1.0158002266833426,
    1.0118166564522568,
    1.0128429641837577
  ],
  "val_perplexity": [
    13.167095558903359,
    3.1077334944194215,
    1.212266183962301,
    1.152845122073542,
    1.0950314868942046,
    1.0809092187296165,
    1.065306216267455,
    1.0604735636797837,
    1.0386242973739528,
    1.0404693060567518,
    1.038843010927188,
    1.043478925499038,
    1.0313194091784317,
    1.0238576785113407,
    1.0220889212403093,
    1.0243414317745692,
    1.021331195762455,
    1.0173888962393307,
    1.0148687010851094,
    1.0087800929915651,
    1.0192586291982089,
    1.013062777991289,
    1.0133914678406766,
    1.0097119064972464,
    1.0094156029460182,
    1.0065863896748983,
    1.0108454282166703,
    1.0109008742521488,
    1.0059466961376493,
    1.0099573929756038
  ],
  "learning_rates": [
    7.896115045546133e-05,
    0.00015792230091092265,
    0.00023688345136638398,
    0.0003158446018218453,
    0.0003948057522773066,
    0.00047376690273276796,
    0.0005527280531882293,
    0.0006316892036436906,
    0.000710650354099152,
    0.0007896115045546132,
    0.0008685726550100746,
    0.0009475338054655359,
    0.0010264949559209973,
    0.0011054561063764585,
    0.00118441725683192,
    0.0012633784072873812,
    0.0013423395577428425,
    0.0013858127192452902,
    0.0013488510524223445,
    0.0013146973809739727,
    0.0012830132699977455,
    0.001253514768937843,
    0.0012259616291391772,
    0.0012001490197540133,
    0.0011759010854794966,
    0.0011530658809451712,
    0.0011315113470699342,
    0.0011111220852105905,
    0.0010917967486543875,
    0.0010734459165198846
  ]
}